"Year","Sex","AgeGroup","Cases"
2021,"Males","0-4",0
2021,"Males","5-9",0
2021,"Males","10-14",0
2021,"Males","15-19",2
2021,"Males","20-24",2
2021,"Males","25-29",6
2021,"Males","30-34",24
2021,"Males","35-39",28
2021,"Males","40-44",43
2021,"Males","45-49",74
2021,"Males","50-54",109
2021,"Males","55-59",148
2021,"Males","60-64",176
2021,"Males","65-69",238
2021,"Males","70-74",254
2021,"Males","75-79",220
2021,"Males","80-84",159
2021,"Males","85+",167
2021,"Females","0-4",0
2021,"Females","5-9",0
2021,"Females","10-14",2
2021,"Females","15-19",2
2021,"Females","20-24",7
2021,"Females","25-29",17
2021,"Females","30-34",19
2021,"Females","35-39",40
2021,"Females","40-44",49
2021,"Females","45-49",57
2021,"Females","50-54",110
2021,"Females","55-59",120
2021,"Females","60-64",127
2021,"Females","65-69",134
2021,"Females","70-74",151
2021,"Females","75-79",133
2021,"Females","80-84",99
2021,"Females","85+",112
2020,"Males","0-4",0
2020,"Males","5-9",0
2020,"Males","10-14",0
2020,"Males","15-19",1
2020,"Males","20-24",7
2020,"Males","25-29",9
2020,"Males","30-34",13
2020,"Males","35-39",40
2020,"Males","40-44",36
2020,"Males","45-49",70
2020,"Males","50-54",113
2020,"Males","55-59",136
2020,"Males","60-64",165
2020,"Males","65-69",203
2020,"Males","70-74",202
2020,"Males","75-79",207
2020,"Males","80-84",149
2020,"Males","85+",149
2020,"Females","0-4",0
2020,"Females","5-9",0
2020,"Females","10-14",0
2020,"Females","15-19",3
2020,"Females","20-24",6
2020,"Females","25-29",25
2020,"Females","30-34",27
2020,"Females","35-39",37
2020,"Females","40-44",60
2020,"Females","45-49",77
2020,"Females","50-54",104
2020,"Females","55-59",108
2020,"Females","60-64",112
2020,"Females","65-69",119
2020,"Females","70-74",131
2020,"Females","75-79",94
2020,"Females","80-84",85
2020,"Females","85+",108
2019,"Males","0-4",0
2019,"Males","5-9",0
2019,"Males","10-14",0
2019,"Males","15-19",0
2019,"Males","20-24",2
2019,"Males","25-29",13
2019,"Males","30-34",24
2019,"Males","35-39",30
2019,"Males","40-44",50
2019,"Males","45-49",93
2019,"Males","50-54",107
2019,"Males","55-59",142
2019,"Males","60-64",202
2019,"Males","65-69",203
2019,"Males","70-74",244
2019,"Males","75-79",197
2019,"Males","80-84",171
2019,"Males","85+",163
2019,"Females","0-4",0
2019,"Females","5-9",0
2019,"Females","10-14",0
2019,"Females","15-19",1
2019,"Females","20-24",5
2019,"Females","25-29",20
2019,"Females","30-34",34
2019,"Females","35-39",44
2019,"Females","40-44",67
2019,"Females","45-49",92
2019,"Females","50-54",87
2019,"Females","55-59",107
2019,"Females","60-64",121
2019,"Females","65-69",142
2019,"Females","70-74",172
2019,"Females","75-79",125
2019,"Females","80-84",82
2019,"Females","85+",111
2018,"Males","0-4",0
2018,"Males","5-9",0
2018,"Males","10-14",0
2018,"Males","15-19",3
2018,"Males","20-24",7
2018,"Males","25-29",17
2018,"Males","30-34",32
2018,"Males","35-39",38
2018,"Males","40-44",57
2018,"Males","45-49",115
2018,"Males","50-54",113
2018,"Males","55-59",173
2018,"Males","60-64",188
2018,"Males","65-69",224
2018,"Males","70-74",256
2018,"Males","75-79",213
2018,"Males","80-84",173
2018,"Males","85+",175
2018,"Females","0-4",0
2018,"Females","5-9",0
2018,"Females","10-14",1
2018,"Females","15-19",0
2018,"Females","20-24",9
2018,"Females","25-29",25
2018,"Females","30-34",48
2018,"Females","35-39",56
2018,"Females","40-44",60
2018,"Females","45-49",92
2018,"Females","50-54",105
2018,"Females","55-59",124
2018,"Females","60-64",168
2018,"Females","65-69",149
2018,"Females","70-74",150
2018,"Females","75-79",135
2018,"Females","80-84",86
2018,"Females","85+",119
2017,"Males","0-4",0
2017,"Males","5-9",0
2017,"Males","10-14",0
2017,"Males","15-19",4
2017,"Males","20-24",7
2017,"Males","25-29",14
2017,"Males","30-34",24
2017,"Males","35-39",34
2017,"Males","40-44",57
2017,"Males","45-49",89
2017,"Males","50-54",137
2017,"Males","55-59",169
2017,"Males","60-64",169
2017,"Males","65-69",224
2017,"Males","70-74",253
2017,"Males","75-79",179
2017,"Males","80-84",163
2017,"Males","85+",159
2017,"Females","0-4",0
2017,"Females","5-9",0
2017,"Females","10-14",1
2017,"Females","15-19",6
2017,"Females","20-24",16
2017,"Females","25-29",16
2017,"Females","30-34",35
2017,"Females","35-39",49
2017,"Females","40-44",72
2017,"Females","45-49",98
2017,"Females","50-54",113
2017,"Females","55-59",125
2017,"Females","60-64",142
2017,"Females","65-69",162
2017,"Females","70-74",149
2017,"Females","75-79",106
2017,"Females","80-84",100
2017,"Females","85+",124
2016,"Males","0-4",0
2016,"Males","5-9",0
2016,"Males","10-14",1
2016,"Males","15-19",1
2016,"Males","20-24",8
2016,"Males","25-29",12
2016,"Males","30-34",27
2016,"Males","35-39",47
2016,"Males","40-44",61
2016,"Males","45-49",111
2016,"Males","50-54",94
2016,"Males","55-59",171
2016,"Males","60-64",184
2016,"Males","65-69",207
2016,"Males","70-74",191
2016,"Males","75-79",175
2016,"Males","80-84",142
2016,"Males","85+",145
2016,"Females","0-4",0
2016,"Females","5-9",0
2016,"Females","10-14",0
2016,"Females","15-19",5
2016,"Females","20-24",9
2016,"Females","25-29",27
2016,"Females","30-34",52
2016,"Females","35-39",60
2016,"Females","40-44",65
2016,"Females","45-49",106
2016,"Females","50-54",99
2016,"Females","55-59",119
2016,"Females","60-64",109
2016,"Females","65-69",172
2016,"Females","70-74",123
2016,"Females","75-79",107
2016,"Females","80-84",92
2016,"Females","85+",108
2015,"Males","0-4",0
2015,"Males","5-9",0
2015,"Males","10-14",0
2015,"Males","15-19",1
2015,"Males","20-24",10
2015,"Males","25-29",20
2015,"Males","30-34",22
2015,"Males","35-39",33
2015,"Males","40-44",60
2015,"Males","45-49",73
2015,"Males","50-54",112
2015,"Males","55-59",145
2015,"Males","60-64",184
2015,"Males","65-69",204
2015,"Males","70-74",230
2015,"Males","75-79",178
2015,"Males","80-84",137
2015,"Males","85+",130
2015,"Females","0-4",0
2015,"Females","5-9",0
2015,"Females","10-14",0
2015,"Females","15-19",2
2015,"Females","20-24",5
2015,"Females","25-29",26
2015,"Females","30-34",40
2015,"Females","35-39",54
2015,"Females","40-44",71
2015,"Females","45-49",94
2015,"Females","50-54",117
2015,"Females","55-59",90
2015,"Females","60-64",106
2015,"Females","65-69",159
2015,"Females","70-74",98
2015,"Females","75-79",111
2015,"Females","80-84",87
2015,"Females","85+",106
2014,"Males","0-4",0
2014,"Males","5-9",0
2014,"Males","10-14",0
2014,"Males","15-19",1
2014,"Males","20-24",5
2014,"Males","25-29",14
2014,"Males","30-34",28
2014,"Males","35-39",26
2014,"Males","40-44",68
2014,"Males","45-49",80
2014,"Males","50-54",114
2014,"Males","55-59",140
2014,"Males","60-64",122
2014,"Males","65-69",212
2014,"Males","70-74",190
2014,"Males","75-79",150
2014,"Males","80-84",125
2014,"Males","85+",132
2014,"Females","0-4",0
2014,"Females","5-9",0
2014,"Females","10-14",0
2014,"Females","15-19",3
2014,"Females","20-24",9
2014,"Females","25-29",19
2014,"Females","30-34",34
2014,"Females","35-39",39
2014,"Females","40-44",78
2014,"Females","45-49",84
2014,"Females","50-54",96
2014,"Females","55-59",97
2014,"Females","60-64",97
2014,"Females","65-69",122
2014,"Females","70-74",116
2014,"Females","75-79",91
2014,"Females","80-84",67
2014,"Females","85+",114
2013,"Males","0-4",0
2013,"Males","5-9",0
2013,"Males","10-14",0
2013,"Males","15-19",2
2013,"Males","20-24",8
2013,"Males","25-29",15
2013,"Males","30-34",22
2013,"Males","35-39",33
2013,"Males","40-44",47
2013,"Males","45-49",82
2013,"Males","50-54",110
2013,"Males","55-59",104
2013,"Males","60-64",166
2013,"Males","65-69",190
2013,"Males","70-74",160
2013,"Males","75-79",146
2013,"Males","80-84",123
2013,"Males","85+",126
2013,"Females","0-4",0
2013,"Females","5-9",0
2013,"Females","10-14",0
2013,"Females","15-19",5
2013,"Females","20-24",11
2013,"Females","25-29",18
2013,"Females","30-34",33
2013,"Females","35-39",43
2013,"Females","40-44",56
2013,"Females","45-49",72
2013,"Females","50-54",83
2013,"Females","55-59",101
2013,"Females","60-64",92
2013,"Females","65-69",112
2013,"Females","70-74",91
2013,"Females","75-79",89
2013,"Females","80-84",93
2013,"Females","85+",103
2012,"Males","0-4",0
2012,"Males","5-9",0
2012,"Males","10-14",0
2012,"Males","15-19",1
2012,"Males","20-24",12
2012,"Males","25-29",14
2012,"Males","30-34",31
2012,"Males","35-39",32
2012,"Males","40-44",70
2012,"Males","45-49",63
2012,"Males","50-54",115
2012,"Males","55-59",123
2012,"Males","60-64",150
2012,"Males","65-69",168
2012,"Males","70-74",156
2012,"Males","75-79",138
2012,"Males","80-84",107
2012,"Males","85+",115
2012,"Females","0-4",0
2012,"Females","5-9",0
2012,"Females","10-14",0
2012,"Females","15-19",3
2012,"Females","20-24",12
2012,"Females","25-29",19
2012,"Females","30-34",34
2012,"Females","35-39",50
2012,"Females","40-44",66
2012,"Females","45-49",79
2012,"Females","50-54",96
2012,"Females","55-59",95
2012,"Females","60-64",116
2012,"Females","65-69",106
2012,"Females","70-74",82
2012,"Females","75-79",71
2012,"Females","80-84",66
2012,"Females","85+",94
2011,"Males","0-4",0
2011,"Males","5-9",1
2011,"Males","10-14",0
2011,"Males","15-19",2
2011,"Males","20-24",8
2011,"Males","25-29",21
2011,"Males","30-34",24
2011,"Males","35-39",25
2011,"Males","40-44",68
2011,"Males","45-49",73
2011,"Males","50-54",102
2011,"Males","55-59",94
2011,"Males","60-64",173
2011,"Males","65-69",148
2011,"Males","70-74",133
2011,"Males","75-79",111
2011,"Males","80-84",108
2011,"Males","85+",83
2011,"Females","0-4",0
2011,"Females","5-9",0
2011,"Females","10-14",0
2011,"Females","15-19",1
2011,"Females","20-24",7
2011,"Females","25-29",17
2011,"Females","30-34",26
2011,"Females","35-39",45
2011,"Females","40-44",57
2011,"Females","45-49",77
2011,"Females","50-54",81
2011,"Females","55-59",79
2011,"Females","60-64",98
2011,"Females","65-69",112
2011,"Females","70-74",76
2011,"Females","75-79",67
2011,"Females","80-84",81
2011,"Females","85+",79
2010,"Males","0-4",0
2010,"Males","5-9",0
2010,"Males","10-14",0
2010,"Males","15-19",3
2010,"Males","20-24",5
2010,"Males","25-29",21
2010,"Males","30-34",30
2010,"Males","35-39",40
2010,"Males","40-44",53
2010,"Males","45-49",82
2010,"Males","50-54",100
2010,"Males","55-59",125
2010,"Males","60-64",166
2010,"Males","65-69",165
2010,"Males","70-74",169
2010,"Males","75-79",134
2010,"Males","80-84",115
2010,"Males","85+",98
2010,"Females","0-4",0
2010,"Females","5-9",1
2010,"Females","10-14",0
2010,"Females","15-19",1
2010,"Females","20-24",10
2010,"Females","25-29",26
2010,"Females","30-34",41
2010,"Females","35-39",51
2010,"Females","40-44",59
2010,"Females","45-49",75
2010,"Females","50-54",96
2010,"Females","55-59",90
2010,"Females","60-64",113
2010,"Females","65-69",86
2010,"Females","70-74",89
2010,"Females","75-79",81
2010,"Females","80-84",73
2010,"Females","85+",80
2009,"Males","0-4",0
2009,"Males","5-9",0
2009,"Males","10-14",1
2009,"Males","15-19",3
2009,"Males","20-24",7
2009,"Males","25-29",22
2009,"Males","30-34",25
2009,"Males","35-39",41
2009,"Males","40-44",62
2009,"Males","45-49",88
2009,"Males","50-54",119
2009,"Males","55-59",137
2009,"Males","60-64",134
2009,"Males","65-69",149
2009,"Males","70-74",166
2009,"Males","75-79",151
2009,"Males","80-84",132
2009,"Males","85+",99
2009,"Females","0-4",0
2009,"Females","5-9",0
2009,"Females","10-14",0
2009,"Females","15-19",4
2009,"Females","20-24",16
2009,"Females","25-29",29
2009,"Females","30-34",40
2009,"Females","35-39",53
2009,"Females","40-44",66
2009,"Females","45-49",94
2009,"Females","50-54",75
2009,"Females","55-59",107
2009,"Females","60-64",125
2009,"Females","65-69",90
2009,"Females","70-74",98
2009,"Females","75-79",87
2009,"Females","80-84",87
2009,"Females","85+",83
2008,"Males","0-4",0
2008,"Males","5-9",0
2008,"Males","10-14",2
2008,"Males","15-19",4
2008,"Males","20-24",11
2008,"Males","25-29",13
2008,"Males","30-34",27
2008,"Males","35-39",49
2008,"Males","40-44",58
2008,"Males","45-49",65
2008,"Males","50-54",117
2008,"Males","55-59",105
2008,"Males","60-64",157
2008,"Males","65-69",149
2008,"Males","70-74",143
2008,"Males","75-79",143
2008,"Males","80-84",129
2008,"Males","85+",78
2008,"Females","0-4",0
2008,"Females","5-9",0
2008,"Females","10-14",0
2008,"Females","15-19",2
2008,"Females","20-24",16
2008,"Females","25-29",27
2008,"Females","30-34",46
2008,"Females","35-39",53
2008,"Females","40-44",83
2008,"Females","45-49",87
2008,"Females","50-54",102
2008,"Females","55-59",104
2008,"Females","60-64",104
2008,"Females","65-69",63
2008,"Females","70-74",82
2008,"Females","75-79",70
2008,"Females","80-84",84
2008,"Females","85+",61
2007,"Males","0-4",0
2007,"Males","5-9",0
2007,"Males","10-14",1
2007,"Males","15-19",3
2007,"Males","20-24",12
2007,"Males","25-29",14
2007,"Males","30-34",44
2007,"Males","35-39",31
2007,"Males","40-44",50
2007,"Males","45-49",68
2007,"Males","50-54",97
2007,"Males","55-59",137
2007,"Males","60-64",143
2007,"Males","65-69",122
2007,"Males","70-74",148
2007,"Males","75-79",131
2007,"Males","80-84",123
2007,"Males","85+",69
2007,"Females","0-4",0
2007,"Females","5-9",0
2007,"Females","10-14",0
2007,"Females","15-19",4
2007,"Females","20-24",18
2007,"Females","25-29",29
2007,"Females","30-34",48
2007,"Females","35-39",54
2007,"Females","40-44",68
2007,"Females","45-49",86
2007,"Females","50-54",97
2007,"Females","55-59",101
2007,"Females","60-64",93
2007,"Females","65-69",68
2007,"Females","70-74",78
2007,"Females","75-79",92
2007,"Females","80-84",76
2007,"Females","85+",76
2006,"Males","0-4",0
2006,"Males","5-9",0
2006,"Males","10-14",0
2006,"Males","15-19",6
2006,"Males","20-24",11
2006,"Males","25-29",17
2006,"Males","30-34",37
2006,"Males","35-39",40
2006,"Males","40-44",66
2006,"Males","45-49",78
2006,"Males","50-54",96
2006,"Males","55-59",142
2006,"Males","60-64",136
2006,"Males","65-69",138
2006,"Males","70-74",132
2006,"Males","75-79",147
2006,"Males","80-84",90
2006,"Males","85+",86
2006,"Females","0-4",0
2006,"Females","5-9",0
2006,"Females","10-14",1
2006,"Females","15-19",4
2006,"Females","20-24",16
2006,"Females","25-29",23
2006,"Females","30-34",53
2006,"Females","35-39",55
2006,"Females","40-44",65
2006,"Females","45-49",83
2006,"Females","50-54",72
2006,"Females","55-59",87
2006,"Females","60-64",99
2006,"Females","65-69",84
2006,"Females","70-74",73
2006,"Females","75-79",103
2006,"Females","80-84",81
2006,"Females","85+",75
2005,"Males","0-4",0
2005,"Males","5-9",1
2005,"Males","10-14",1
2005,"Males","15-19",6
2005,"Males","20-24",9
2005,"Males","25-29",19
2005,"Males","30-34",39
2005,"Males","35-39",49
2005,"Males","40-44",67
2005,"Males","45-49",104
2005,"Males","50-54",96
2005,"Males","55-59",142
2005,"Males","60-64",132
2005,"Males","65-69",120
2005,"Males","70-74",136
2005,"Males","75-79",142
2005,"Males","80-84",108
2005,"Males","85+",57
2005,"Females","0-4",0
2005,"Females","5-9",0
2005,"Females","10-14",0
2005,"Females","15-19",3
2005,"Females","20-24",15
2005,"Females","25-29",40
2005,"Females","30-34",56
2005,"Females","35-39",63
2005,"Females","40-44",96
2005,"Females","45-49",91
2005,"Females","50-54",108
2005,"Females","55-59",119
2005,"Females","60-64",90
2005,"Females","65-69",107
2005,"Females","70-74",60
2005,"Females","75-79",82
2005,"Females","80-84",90
2005,"Females","85+",63
2004,"Males","0-4",0
2004,"Males","5-9",0
2004,"Males","10-14",1
2004,"Males","15-19",5
2004,"Males","20-24",10
2004,"Males","25-29",29
2004,"Males","30-34",39
2004,"Males","35-39",38
2004,"Males","40-44",60
2004,"Males","45-49",73
2004,"Males","50-54",93
2004,"Males","55-59",110
2004,"Males","60-64",121
2004,"Males","65-69",110
2004,"Males","70-74",117
2004,"Males","75-79",120
2004,"Males","80-84",112
2004,"Males","85+",55
2004,"Females","0-4",0
2004,"Females","5-9",0
2004,"Females","10-14",1
2004,"Females","15-19",5
2004,"Females","20-24",15
2004,"Females","25-29",29
2004,"Females","30-34",43
2004,"Females","35-39",46
2004,"Females","40-44",59
2004,"Females","45-49",81
2004,"Females","50-54",83
2004,"Females","55-59",91
2004,"Females","60-64",92
2004,"Females","65-69",81
2004,"Females","70-74",72
2004,"Females","75-79",79
2004,"Females","80-84",52
2004,"Females","85+",49
2003,"Males","0-4",0
2003,"Males","5-9",0
2003,"Males","10-14",0
2003,"Males","15-19",4
2003,"Males","20-24",7
2003,"Males","25-29",20
2003,"Males","30-34",29
2003,"Males","35-39",43
2003,"Males","40-44",59
2003,"Males","45-49",63
2003,"Males","50-54",86
2003,"Males","55-59",118
2003,"Males","60-64",109
2003,"Males","65-69",94
2003,"Males","70-74",118
2003,"Males","75-79",102
2003,"Males","80-84",84
2003,"Males","85+",49
2003,"Females","0-4",0
2003,"Females","5-9",0
2003,"Females","10-14",2
2003,"Females","15-19",3
2003,"Females","20-24",13
2003,"Females","25-29",26
2003,"Females","30-34",32
2003,"Females","35-39",49
2003,"Females","40-44",60
2003,"Females","45-49",61
2003,"Females","50-54",82
2003,"Females","55-59",72
2003,"Females","60-64",53
2003,"Females","65-69",75
2003,"Females","70-74",68
2003,"Females","75-79",70
2003,"Females","80-84",58
2003,"Females","85+",51
2002,"Males","0-4",0
2002,"Males","5-9",0
2002,"Males","10-14",0
2002,"Males","15-19",9
2002,"Males","20-24",17
2002,"Males","25-29",15
2002,"Males","30-34",31
2002,"Males","35-39",42
2002,"Males","40-44",59
2002,"Males","45-49",74
2002,"Males","50-54",96
2002,"Males","55-59",111
2002,"Males","60-64",105
2002,"Males","65-69",96
2002,"Males","70-74",119
2002,"Males","75-79",106
2002,"Males","80-84",67
2002,"Males","85+",49
2002,"Females","0-4",0
2002,"Females","5-9",1
2002,"Females","10-14",2
2002,"Females","15-19",8
2002,"Females","20-24",25
2002,"Females","25-29",31
2002,"Females","30-34",43
2002,"Females","35-39",38
2002,"Females","40-44",54
2002,"Females","45-49",101
2002,"Females","50-54",87
2002,"Females","55-59",75
2002,"Females","60-64",73
2002,"Females","65-69",58
2002,"Females","70-74",57
2002,"Females","75-79",61
2002,"Females","80-84",60
2002,"Females","85+",63
2001,"Males","0-4",0
2001,"Males","5-9",0
2001,"Males","10-14",1
2001,"Males","15-19",9
2001,"Males","20-24",9
2001,"Males","25-29",31
2001,"Males","30-34",30
2001,"Males","35-39",42
2001,"Males","40-44",64
2001,"Males","45-49",73
2001,"Males","50-54",88
2001,"Males","55-59",83
2001,"Males","60-64",67
2001,"Males","65-69",93
2001,"Males","70-74",117
2001,"Males","75-79",104
2001,"Males","80-84",78
2001,"Males","85+",40
2001,"Females","0-4",0
2001,"Females","5-9",1
2001,"Females","10-14",1
2001,"Females","15-19",6
2001,"Females","20-24",13
2001,"Females","25-29",36
2001,"Females","30-34",48
2001,"Females","35-39",65
2001,"Females","40-44",68
2001,"Females","45-49",67
2001,"Females","50-54",79
2001,"Females","55-59",72
2001,"Females","60-64",62
2001,"Females","65-69",70
2001,"Females","70-74",76
2001,"Females","75-79",69
2001,"Females","80-84",37
2001,"Females","85+",42
2000,"Males","0-4",0
2000,"Males","5-9",0
2000,"Males","10-14",0
2000,"Males","15-19",3
2000,"Males","20-24",17
2000,"Males","25-29",25
2000,"Males","30-34",24
2000,"Males","35-39",43
2000,"Males","40-44",52
2000,"Males","45-49",54
2000,"Males","50-54",88
2000,"Males","55-59",84
2000,"Males","60-64",107
2000,"Males","65-69",87
2000,"Males","70-74",121
2000,"Males","75-79",92
2000,"Males","80-84",55
2000,"Males","85+",41
2000,"Females","0-4",0
2000,"Females","5-9",0
2000,"Females","10-14",1
2000,"Females","15-19",6
2000,"Females","20-24",17
2000,"Females","25-29",33
2000,"Females","30-34",44
2000,"Females","35-39",57
2000,"Females","40-44",69
2000,"Females","45-49",71
2000,"Females","50-54",76
2000,"Females","55-59",61
2000,"Females","60-64",61
2000,"Females","65-69",71
2000,"Females","70-74",87
2000,"Females","75-79",86
2000,"Females","80-84",49
2000,"Females","85+",52
1999,"Males","0-4",0
1999,"Males","5-9",0
1999,"Males","10-14",0
1999,"Males","15-19",7
1999,"Males","20-24",12
1999,"Males","25-29",9
1999,"Males","30-34",19
1999,"Males","35-39",44
1999,"Males","40-44",64
1999,"Males","45-49",71
1999,"Males","50-54",99
1999,"Males","55-59",73
1999,"Males","60-64",89
1999,"Males","65-69",87
1999,"Males","70-74",111
1999,"Males","75-79",95
1999,"Males","80-84",63
1999,"Males","85+",41
1999,"Females","0-4",0
1999,"Females","5-9",1
1999,"Females","10-14",1
1999,"Females","15-19",5
1999,"Females","20-24",23
1999,"Females","25-29",25
1999,"Females","30-34",33
1999,"Females","35-39",56
1999,"Females","40-44",62
1999,"Females","45-49",92
1999,"Females","50-54",76
1999,"Females","55-59",57
1999,"Females","60-64",61
1999,"Females","65-69",62
1999,"Females","70-74",73
1999,"Females","75-79",57
1999,"Females","80-84",47
1999,"Females","85+",54
1998,"Males","0-4",0
1998,"Males","5-9",0
1998,"Males","10-14",0
1998,"Males","15-19",4
1998,"Males","20-24",15
1998,"Males","25-29",17
1998,"Males","30-34",25
1998,"Males","35-39",36
1998,"Males","40-44",51
1998,"Males","45-49",68
1998,"Males","50-54",96
1998,"Males","55-59",76
1998,"Males","60-64",74
1998,"Males","65-69",89
1998,"Males","70-74",83
1998,"Males","75-79",76
1998,"Males","80-84",53
1998,"Males","85+",29
1998,"Females","0-4",0
1998,"Females","5-9",0
1998,"Females","10-14",1
1998,"Females","15-19",4
1998,"Females","20-24",26
1998,"Females","25-29",23
1998,"Females","30-34",56
1998,"Females","35-39",58
1998,"Females","40-44",67
1998,"Females","45-49",75
1998,"Females","50-54",79
1998,"Females","55-59",51
1998,"Females","60-64",67
1998,"Females","65-69",55
1998,"Females","70-74",55
1998,"Females","75-79",54
1998,"Females","80-84",41
1998,"Females","85+",40
1997,"Males","0-4",0
1997,"Males","5-9",0
1997,"Males","10-14",0
1997,"Males","15-19",6
1997,"Males","20-24",15
1997,"Males","25-29",31
1997,"Males","30-34",44
1997,"Males","35-39",49
1997,"Males","40-44",53
1997,"Males","45-49",96
1997,"Males","50-54",96
1997,"Males","55-59",67
1997,"Males","60-64",79
1997,"Males","65-69",109
1997,"Males","70-74",119
1997,"Males","75-79",68
1997,"Males","80-84",39
1997,"Males","85+",27
1997,"Females","0-4",0
1997,"Females","5-9",0
1997,"Females","10-14",1
1997,"Females","15-19",15
1997,"Females","20-24",27
1997,"Females","25-29",50
1997,"Females","30-34",59
1997,"Females","35-39",61
1997,"Females","40-44",85
1997,"Females","45-49",83
1997,"Females","50-54",83
1997,"Females","55-59",65
1997,"Females","60-64",67
1997,"Females","65-69",78
1997,"Females","70-74",94
1997,"Females","75-79",61
1997,"Females","80-84",42
1997,"Females","85+",44
1996,"Males","0-4",0
1996,"Males","5-9",1
1996,"Males","10-14",1
1996,"Males","15-19",16
1996,"Males","20-24",14
1996,"Males","25-29",32
1996,"Males","30-34",35
1996,"Males","35-39",45
1996,"Males","40-44",67
1996,"Males","45-49",66
1996,"Males","50-54",83
1996,"Males","55-59",71
1996,"Males","60-64",81
1996,"Males","65-69",99
1996,"Males","70-74",95
1996,"Males","75-79",75
1996,"Males","80-84",54
1996,"Males","85+",32
1996,"Females","0-4",0
1996,"Females","5-9",2
1996,"Females","10-14",5
1996,"Females","15-19",17
1996,"Females","20-24",18
1996,"Females","25-29",46
1996,"Females","30-34",66
1996,"Females","35-39",58
1996,"Females","40-44",80
1996,"Females","45-49",84
1996,"Females","50-54",68
1996,"Females","55-59",63
1996,"Females","60-64",67
1996,"Females","65-69",55
1996,"Females","70-74",63
1996,"Females","75-79",50
1996,"Females","80-84",42
1996,"Females","85+",37
1995,"Males","0-4",0
1995,"Males","5-9",0
1995,"Males","10-14",1
1995,"Males","15-19",11
1995,"Males","20-24",14
1995,"Males","25-29",27
1995,"Males","30-34",22
1995,"Males","35-39",46
1995,"Males","40-44",68
1995,"Males","45-49",61
1995,"Males","50-54",72
1995,"Males","55-59",72
1995,"Males","60-64",93
1995,"Males","65-69",80
1995,"Males","70-74",87
1995,"Males","75-79",47
1995,"Males","80-84",38
1995,"Males","85+",32
1995,"Females","0-4",0
1995,"Females","5-9",0
1995,"Females","10-14",2
1995,"Females","15-19",7
1995,"Females","20-24",21
1995,"Females","25-29",50
1995,"Females","30-34",53
1995,"Females","35-39",55
1995,"Females","40-44",56
1995,"Females","45-49",74
1995,"Females","50-54",66
1995,"Females","55-59",44
1995,"Females","60-64",58
1995,"Females","65-69",72
1995,"Females","70-74",74
1995,"Females","75-79",53
1995,"Females","80-84",43
1995,"Females","85+",37
1994,"Males","0-4",0
1994,"Males","5-9",0
1994,"Males","10-14",1
1994,"Males","15-19",4
1994,"Males","20-24",12
1994,"Males","25-29",22
1994,"Males","30-34",45
1994,"Males","35-39",44
1994,"Males","40-44",43
1994,"Males","45-49",59
1994,"Males","50-54",56
1994,"Males","55-59",73
1994,"Males","60-64",71
1994,"Males","65-69",72
1994,"Males","70-74",72
1994,"Males","75-79",43
1994,"Males","80-84",43
1994,"Males","85+",24
1994,"Females","0-4",0
1994,"Females","5-9",0
1994,"Females","10-14",0
1994,"Females","15-19",5
1994,"Females","20-24",18
1994,"Females","25-29",33
1994,"Females","30-34",41
1994,"Females","35-39",45
1994,"Females","40-44",57
1994,"Females","45-49",61
1994,"Females","50-54",51
1994,"Females","55-59",44
1994,"Females","60-64",58
1994,"Females","65-69",60
1994,"Females","70-74",59
1994,"Females","75-79",46
1994,"Females","80-84",34
1994,"Females","85+",20
1993,"Males","0-4",0
1993,"Males","5-9",1
1993,"Males","10-14",1
1993,"Males","15-19",4
1993,"Males","20-24",12
1993,"Males","25-29",16
1993,"Males","30-34",31
1993,"Males","35-39",36
1993,"Males","40-44",38
1993,"Males","45-49",43
1993,"Males","50-54",62
1993,"Males","55-59",49
1993,"Males","60-64",79
1993,"Males","65-69",90
1993,"Males","70-74",76
1993,"Males","75-79",73
1993,"Males","80-84",23
1993,"Males","85+",21
1993,"Females","0-4",0
1993,"Females","5-9",0
1993,"Females","10-14",3
1993,"Females","15-19",9
1993,"Females","20-24",11
1993,"Females","25-29",23
1993,"Females","30-34",54
1993,"Females","35-39",34
1993,"Females","40-44",61
1993,"Females","45-49",62
1993,"Females","50-54",50
1993,"Females","55-59",36
1993,"Females","60-64",47
1993,"Females","65-69",67
1993,"Females","70-74",56
1993,"Females","75-79",36
1993,"Females","80-84",34
1993,"Females","85+",24
1992,"Males","0-4",0
1992,"Males","5-9",0
1992,"Males","10-14",0
1992,"Males","15-19",5
1992,"Males","20-24",20
1992,"Males","25-29",20
1992,"Males","30-34",31
1992,"Males","35-39",45
1992,"Males","40-44",62
1992,"Males","45-49",60
1992,"Males","50-54",64
1992,"Males","55-59",59
1992,"Males","60-64",87
1992,"Males","65-69",78
1992,"Males","70-74",61
1992,"Males","75-79",64
1992,"Males","80-84",33
1992,"Males","85+",22
1992,"Females","0-4",0
1992,"Females","5-9",1
1992,"Females","10-14",4
1992,"Females","15-19",4
1992,"Females","20-24",26
1992,"Females","25-29",37
1992,"Females","30-34",63
1992,"Females","35-39",42
1992,"Females","40-44",53
1992,"Females","45-49",49
1992,"Females","50-54",58
1992,"Females","55-59",37
1992,"Females","60-64",58
1992,"Females","65-69",83
1992,"Females","70-74",51
1992,"Females","75-79",39
1992,"Females","80-84",32
1992,"Females","85+",31
1991,"Males","0-4",0
1991,"Males","5-9",0
1991,"Males","10-14",1
1991,"Males","15-19",12
1991,"Males","20-24",14
1991,"Males","25-29",25
1991,"Males","30-34",31
1991,"Males","35-39",31
1991,"Males","40-44",50
1991,"Males","45-49",38
1991,"Males","50-54",43
1991,"Males","55-59",51
1991,"Males","60-64",61
1991,"Males","65-69",74
1991,"Males","70-74",46
1991,"Males","75-79",35
1991,"Males","80-84",42
1991,"Males","85+",4
1991,"Females","0-4",0
1991,"Females","5-9",1
1991,"Females","10-14",0
1991,"Females","15-19",13
1991,"Females","20-24",22
1991,"Females","25-29",22
1991,"Females","30-34",37
1991,"Females","35-39",55
1991,"Females","40-44",55
1991,"Females","45-49",40
1991,"Females","50-54",44
1991,"Females","55-59",44
1991,"Females","60-64",54
1991,"Females","65-69",55
1991,"Females","70-74",47
1991,"Females","75-79",40
1991,"Females","80-84",29
1991,"Females","85+",14
1990,"Males","0-4",0
1990,"Males","5-9",0
1990,"Males","10-14",0
1990,"Males","15-19",8
1990,"Males","20-24",11
1990,"Males","25-29",17
1990,"Males","30-34",35
1990,"Males","35-39",38
1990,"Males","40-44",50
1990,"Males","45-49",48
1990,"Males","50-54",62
1990,"Males","55-59",47
1990,"Males","60-64",69
1990,"Males","65-69",61
1990,"Males","70-74",52
1990,"Males","75-79",43
1990,"Males","80-84",20
1990,"Males","85+",19
1990,"Females","0-4",0
1990,"Females","5-9",0
1990,"Females","10-14",1
1990,"Females","15-19",10
1990,"Females","20-24",19
1990,"Females","25-29",18
1990,"Females","30-34",31
1990,"Females","35-39",51
1990,"Females","40-44",46
1990,"Females","45-49",46
1990,"Females","50-54",43
1990,"Females","55-59",31
1990,"Females","60-64",49
1990,"Females","65-69",41
1990,"Females","70-74",49
1990,"Females","75-79",50
1990,"Females","80-84",21
1990,"Females","85+",16
1989,"Males","0-4",0
1989,"Males","5-9",0
1989,"Males","10-14",3
1989,"Males","15-19",11
1989,"Males","20-24",16
1989,"Males","25-29",22
1989,"Males","30-34",28
1989,"Males","35-39",44
1989,"Males","40-44",49
1989,"Males","45-49",40
1989,"Males","50-54",37
1989,"Males","55-59",33
1989,"Males","60-64",72
1989,"Males","65-69",63
1989,"Males","70-74",47
1989,"Males","75-79",43
1989,"Males","80-84",27
1989,"Males","85+",12
1989,"Females","0-4",0
1989,"Females","5-9",0
1989,"Females","10-14",2
1989,"Females","15-19",12
1989,"Females","20-24",23
1989,"Females","25-29",28
1989,"Females","30-34",33
1989,"Females","35-39",55
1989,"Females","40-44",54
1989,"Females","45-49",46
1989,"Females","50-54",40
1989,"Females","55-59",45
1989,"Females","60-64",48
1989,"Females","65-69",55
1989,"Females","70-74",39
1989,"Females","75-79",39
1989,"Females","80-84",25
1989,"Females","85+",17
1988,"Males","0-4",0
1988,"Males","5-9",0
1988,"Males","10-14",0
1988,"Males","15-19",17
1988,"Males","20-24",10
1988,"Males","25-29",31
1988,"Males","30-34",36
1988,"Males","35-39",50
1988,"Males","40-44",33
1988,"Males","45-49",60
1988,"Males","50-54",58
1988,"Males","55-59",50
1988,"Males","60-64",57
1988,"Males","65-69",47
1988,"Males","70-74",50
1988,"Males","75-79",29
1988,"Males","80-84",17
1988,"Males","85+",17
1988,"Females","0-4",0
1988,"Females","5-9",0
1988,"Females","10-14",0
1988,"Females","15-19",9
1988,"Females","20-24",26
1988,"Females","25-29",38
1988,"Females","30-34",39
1988,"Females","35-39",50
1988,"Females","40-44",57
1988,"Females","45-49",52
1988,"Females","50-54",30
1988,"Females","55-59",49
1988,"Females","60-64",54
1988,"Females","65-69",56
1988,"Females","70-74",45
1988,"Females","75-79",29
1988,"Females","80-84",17
1988,"Females","85+",13
1987,"Males","0-4",0
1987,"Males","5-9",0
1987,"Males","10-14",0
1987,"Males","15-19",8
1987,"Males","20-24",13
1987,"Males","25-29",28
1987,"Males","30-34",36
1987,"Males","35-39",38
1987,"Males","40-44",38
1987,"Males","45-49",43
1987,"Males","50-54",33
1987,"Males","55-59",54
1987,"Males","60-64",64
1987,"Males","65-69",45
1987,"Males","70-74",37
1987,"Males","75-79",19
1987,"Males","80-84",22
1987,"Males","85+",3
1987,"Females","0-4",0
1987,"Females","5-9",0
1987,"Females","10-14",1
1987,"Females","15-19",9
1987,"Females","20-24",20
1987,"Females","25-29",35
1987,"Females","30-34",39
1987,"Females","35-39",47
1987,"Females","40-44",46
1987,"Females","45-49",44
1987,"Females","50-54",40
1987,"Females","55-59",46
1987,"Females","60-64",51
1987,"Females","65-69",36
1987,"Females","70-74",33
1987,"Females","75-79",35
1987,"Females","80-84",15
1987,"Females","85+",20
1986,"Males","0-4",0
1986,"Males","5-9",0
1986,"Males","10-14",0
1986,"Males","15-19",13
1986,"Males","20-24",11
1986,"Males","25-29",20
1986,"Males","30-34",31
1986,"Males","35-39",24
1986,"Males","40-44",27
1986,"Males","45-49",34
1986,"Males","50-54",27
1986,"Males","55-59",46
1986,"Males","60-64",35
1986,"Males","65-69",39
1986,"Males","70-74",38
1986,"Males","75-79",15
1986,"Males","80-84",10
1986,"Males","85+",7
1986,"Females","0-4",0
1986,"Females","5-9",0
1986,"Females","10-14",1
1986,"Females","15-19",6
1986,"Females","20-24",16
1986,"Females","25-29",27
1986,"Females","30-34",37
1986,"Females","35-39",46
1986,"Females","40-44",41
1986,"Females","45-49",33
1986,"Females","50-54",32
1986,"Females","55-59",41
1986,"Females","60-64",38
1986,"Females","65-69",40
1986,"Females","70-74",33
1986,"Females","75-79",24
1986,"Females","80-84",20
1986,"Females","85+",18
1985,"Males","0-4",0
1985,"Males","5-9",0
1985,"Males","10-14",0
1985,"Males","15-19",3
1985,"Males","20-24",10
1985,"Males","25-29",19
1985,"Males","30-34",30
1985,"Males","35-39",28
1985,"Males","40-44",35
1985,"Males","45-49",39
1985,"Males","50-54",27
1985,"Males","55-59",46
1985,"Males","60-64",42
1985,"Males","65-69",48
1985,"Males","70-74",29
1985,"Males","75-79",19
1985,"Males","80-84",13
1985,"Males","85+",9
1985,"Females","0-4",0
1985,"Females","5-9",0
1985,"Females","10-14",4
1985,"Females","15-19",4
1985,"Females","20-24",15
1985,"Females","25-29",29
1985,"Females","30-34",43
1985,"Females","35-39",47
1985,"Females","40-44",53
1985,"Females","45-49",38
1985,"Females","50-54",37
1985,"Females","55-59",34
1985,"Females","60-64",48
1985,"Females","65-69",36
1985,"Females","70-74",34
1985,"Females","75-79",24
1985,"Females","80-84",17
1985,"Females","85+",9
1984,"Males","0-4",0
1984,"Males","5-9",0
1984,"Males","10-14",1
1984,"Males","15-19",4
1984,"Males","20-24",10
1984,"Males","25-29",23
1984,"Males","30-34",22
1984,"Males","35-39",27
1984,"Males","40-44",28
1984,"Males","45-49",22
1984,"Males","50-54",25
1984,"Males","55-59",34
1984,"Males","60-64",32
1984,"Males","65-69",43
1984,"Males","70-74",35
1984,"Males","75-79",13
1984,"Males","80-84",9
1984,"Males","85+",3
1984,"Females","0-4",0
1984,"Females","5-9",0
1984,"Females","10-14",0
1984,"Females","15-19",5
1984,"Females","20-24",15
1984,"Females","25-29",34
1984,"Females","30-34",28
1984,"Females","35-39",42
1984,"Females","40-44",35
1984,"Females","45-49",31
1984,"Females","50-54",33
1984,"Females","55-59",40
1984,"Females","60-64",41
1984,"Females","65-69",31
1984,"Females","70-74",38
1984,"Females","75-79",17
1984,"Females","80-84",15
1984,"Females","85+",10
1983,"Males","0-4",0
1983,"Males","5-9",0
1983,"Males","10-14",0
1983,"Males","15-19",4
1983,"Males","20-24",10
1983,"Males","25-29",15
1983,"Males","30-34",23
1983,"Males","35-39",32
1983,"Males","40-44",22
1983,"Males","45-49",23
1983,"Males","50-54",23
1983,"Males","55-59",44
1983,"Males","60-64",38
1983,"Males","65-69",29
1983,"Males","70-74",31
1983,"Males","75-79",17
1983,"Males","80-84",6
1983,"Males","85+",3
1983,"Females","0-4",0
1983,"Females","5-9",0
1983,"Females","10-14",0
1983,"Females","15-19",3
1983,"Females","20-24",13
1983,"Females","25-29",24
1983,"Females","30-34",35
1983,"Females","35-39",34
1983,"Females","40-44",40
1983,"Females","45-49",31
1983,"Females","50-54",31
1983,"Females","55-59",44
1983,"Females","60-64",30
1983,"Females","65-69",34
1983,"Females","70-74",31
1983,"Females","75-79",16
1983,"Females","80-84",22
1983,"Females","85+",14
1982,"Males","0-4",0
1982,"Males","5-9",0
1982,"Males","10-14",0
1982,"Males","15-19",1
1982,"Males","20-24",7
1982,"Males","25-29",15
1982,"Males","30-34",35
1982,"Males","35-39",16
1982,"Males","40-44",20
1982,"Males","45-49",16
1982,"Males","50-54",34
1982,"Males","55-59",31
1982,"Males","60-64",30
1982,"Males","65-69",30
1982,"Males","70-74",24
1982,"Males","75-79",10
1982,"Males","80-84",8
1982,"Males","85+",3
1982,"Females","0-4",0
1982,"Females","5-9",0
1982,"Females","10-14",0
1982,"Females","15-19",6
1982,"Females","20-24",25
1982,"Females","25-29",23
1982,"Females","30-34",34
1982,"Females","35-39",27
1982,"Females","40-44",29
1982,"Females","45-49",29
1982,"Females","50-54",28
1982,"Females","55-59",37
1982,"Females","60-64",23
1982,"Females","65-69",32
1982,"Females","70-74",24
1982,"Females","75-79",25
1982,"Females","80-84",13
1982,"Females","85+",10
